feature,optimal_win_range_start,optimal_win_range_end
CCI,-155.37,-63.743973973973965
CCI,85.14831831831833,95.69736736736738
CCI,111.67164164164166,145.73
